Navn-tatoveringssted;Adresse1;Adresse2;Postnummer;By;Ordning;Tatoveringssted-nr.;Ejer;Tatovør-nr.;Tatovør
Tattoo Ole ApS;Nyhavn 17;;1051;København K;Vejledningsordning;TAST-00045;Tattoo Ole ApS;TATO-00046;Majbritt Petersen
Tattoo Ole ApS;Nyhavn 17;;1051;København K;Vejledningsordning;TAST-00045;Tattoo Ole ApS;TATO-00053;Sarah Eenora Plesner
Tattoo Ole ApS;Nyhavn 17;;1051;København K;Vejledningsordning;TAST-00045;Tattoo Ole ApS;TATO-00054;Alexander Bolshakov
Tattoo Ole ApS;Nyhavn 17;;1051;København K;Vejledningsordning;TAST-00045;Tattoo Ole ApS;TATO-00055;Michael Ramsø Thomsen
Dark Crow Tattoo;Fortunstræde 1;;1065;København K;Vejledningsordning;TAST-00119;Dark Crow Tattoo;TATO-00120;Manuel Esteban Londoño Diaz
Dark Crow Tattoo;Fortunstræde 1;;1065;København K;Vejledningsordning;TAST-00119;Dark Crow Tattoo;TATO-00121;Fie Foss Davidsen
Fair Tattoo;Sankt Peders Stræde 21A;;1453;København K;Vejledningsordning;TAST-00083;Fair Tattoo;TATO-00084;Janni Roest Sørensen
Fair Tattoo;Sankt Peders Stræde 21A;;1453;København K;Vejledningsordning;TAST-00083;Fair Tattoo;TATO-00085;Lea Kronje Hansen
Fair Tattoo;Sankt Peders Stræde 21A;;1453;København K;Vejledningsordning;TAST-00083;Fair Tattoo;TATO-00086;Christina Jenny Schäfer
Fabel Tattoo;Istedgade 101 1. tv.;;1650;København V;Vejledningsordning;TAST-00066;Fabel Tattoo;TATO-00067;Emma Kristin Hjæresen
Fabel Tattoo;Istedgade 101 1. tv.;;1650;København V;Vejledningsordning;TAST-00066;Fabel Tattoo;TATO-00068;Kajsa Annelie Fransson
Fabel Tattoo;Istedgade 101 1. tv.;;1650;København V;Vejledningsordning;TAST-00066;Fabel Tattoo;TATO-00069;Lucas Kordt Canales Iglesias
Soul of Illustration & Art;Rolighedsvej 17;;1958;Frederiksberg C;Vejledningsordning;TAST-00070;Soul of Illustration & Art;TAST-00071;Christine Vejlager Jensen
Soul of Illustration & Art;Rolighedsvej 17;;1958;Frederiksberg C;Vejledningsordning;TAST-00070;Soul of Illustration & Art;TATO-00072;Alexander Tambour
Soul of Illustration & Art;Rolighedsvej 17;;1958;Frederiksberg C;Vejledningsordning;TAST-00070;Soul of Illustration & Art;TATO-00073;Jonas Ohms
Soul of Illustration & Art;Rolighedsvej 17;;1958;Frederiksberg C;Vejledningsordning;TAST-00070;Soul of Illustration & Art;TATO-00074;Marie Lyager
Soul of Illustration & Art;Rolighedsvej 17;;1958;Frederiksberg C;Vejledningsordning;TAST-00070;Soul of Illustration & Art;TATO-00075;Jennifer Toft
Soul of Illustration & Art;Rolighedsvej 17;;1958;Frederiksberg C;Vejledningsordning;TAST-00070;Soul of Illustration & Art;TATO-00076;Alexander Christensen
Soul of Illustration & Art;Rolighedsvej 17;;1958;Frederiksberg C;Vejledningsordning;TAST-00070;Soul of Illustration & Art;TATO-00077;Anders Boys Larsen
Bettyzootattoo;Holger Danskes Vej 37B;;2000;Frederiksberg;Tilsynsordning;TAST-00016;Bettyzootattoo;TATO-00017;Tanya Nørgaard
Urban Tattoo;Sindshvilevej 11A;;2000;Frederiksberg;Tilsynsordning;TAST-00061;Urban Tattoo;TATO-00062;Dai Nghia Dam
Body Art piercing & Tattoo;Kanalgaden 10;;2620;Albertslund;Vejledningsordning;TAST-00018;Body Art piercing & Tattoo;TATO-00056;Navjot Kaur Ghuman
Body Art piercing & Tattoo;Kanalgaden 10;;2620;Albertslund;Vejledningsordning;TAST-00018;Body Art piercing & Tattoo;TATO-00090;Stanislav Shemet
Raven Tattoo;Hovedgaden 490;;2640;Hedehusene;Vejledningsordning;TAST-00028;Raven Tattoo;TATO-00029;Paw Bagge Andersen
Jeanette Maria Ørsted;Petersborgvej 8;Klemensker;3782;Klemensker;Vejledningsordning;TAST-0006;Jeanette Maria Ørsted;TATO-0007;Jeanette Maria Ørsted
Louise Black Pearl Tattoo;Storgade 37A;;4180;Sorø;Vejledningsordning;TAST-00065;Louise Black Pearl Tattoo;TATO-00063;Maria Louise Sørensen
Louise Black Pearl Tattoo;Storgade 37A;;4180;Sorø;Vejledningsordning;TAST-00065;Louise Black Pearl Tattoo;TATO-00064;Cosmin Matei
Louise Black Pearl Tattoo;Storgade 37A;;4180;Sorø;Vejledningsordning;TAST-00065;Louise Black Pearl Tattoo;TATO-00082;Kasper Sandal Povlsen
Ink Addicts Tattoo IVS;Klingeberg 2B;;4200;Slagelse;Vejledningsordning;TAST-00093;Ink Addicts Tattoo IVS;TATO-00094;Gert Krumme Findalen
Ink Addicts Tattoo IVS;Klingeberg 2B;;4200;Slagelse;Vejledningsordning;TAST-00093;Ink Addicts Tattoo IVS;TATO-00095;David Silviu
Ink Addicts Tattoo IVS;Klingeberg 2B;;4200;Slagelse;Vejledningsordning;TAST-00093;Ink Addicts Tattoo IVS;TATO-00096;Anja Nicole Ørnes
Brothers By Ink ApS;Østergade 29B;;4700;Næstved;Tilsynsordning;TAST-00078;Brothers By Ink ApS;TATO-00079;Daniel Aasberg
Brothers By Ink ApS;Østergade 29B;;4700;Næstved;Tilsynsordning;TAST-00078;Brothers By Ink ApS;TATO-00080;Patrick Mark Andersen
Brothers By Ink ApS;Østergade 29B;;4700;Næstved;Tilsynsordning;TAST-00078;Brothers By Ink ApS;TATO-00081;Mike Bo Nielsen
House of Ink., Odense;Skt. Knuds Kirkestræde 9 st. th.;;5000;Odense C;Vejledningsordning;TAST-00060;House of Ink., Odense;TATO-00057;Pernille Buch
House of Ink., Odense;Skt. Knuds Kirkestræde 9 st. th.;;5000;Odense C;Vejledningsordning;TAST-00060;House of Ink., Odense;TATO-00058;Martin Sønderberg
House of Ink., Odense;Skt. Knuds Kirkestræde 9 st. th.;;5000;Odense C;Vejledningsordning;TAST-00060;House of Ink., Odense;TATO-00059;Dan Dyrendal Rosenlund
Elektrisk Tatovering Aps;Vestergade 71;;5000;Odense C;Vejledningsordning;TAST-00100;Elektrisk Tatovering Aps;TATO-00101;Joshua Johnson
Elektrisk Tatovering Aps;Vestergade 71;;5000;Odense C;Vejledningsordning;TAST-00100;Elektrisk Tatovering Aps;TATO-00102;Allan Lyngbye
Elektrisk Tatovering Aps;Vestergade 71;;5000;Odense C;Vejledningsordning;TAST-00100;Elektrisk Tatovering Aps;TATO-00103;Nina Vase
Elektrisk Tatovering Aps;Vestergade 71;;5000;Odense C;Vejledningsordning;TAST-00100;Elektrisk Tatovering Aps;TATO-00104;Juris Daugalis
Elektrisk Tatovering Aps;Vestergade 71;;5000;Odense C;Vejledningsordning;TAST-00100;Elektrisk Tatovering Aps;TATO-00106;Peter Blæk
Kineone Tattoo;Skibhusvej 173;;5000;Odense C;Vejledningsordning;TAST-00112;Kineone Tattoo;TATO-00113;Michelle Vestergård
Kineone Tattoo;Skibhusvej 173;;5000;Odense C;Vejledningsordning;TAST-00112;Kineone Tattoo;TATO-00114;Pawel Polumackanycz
Kineone Tattoo;Skibhusvej 173;;5000;Odense C;Vejledningsordning;TAST-00112;Kineone Tattoo;TATO-00115;Miki Tranberg
Kineone Tattoo;Skibhusvej 173;;5000;Odense C;Vejledningsordning;TAST-00112;Kineone Tattoo;TATO-00116;Per Stagil
Guldmann Tattoo;Kirkebjergvej 24;Roerslev;5466;Asperup;Vejledningsordning;TAST-00049;Guldmann Tattoo;TATO-00050;Michael Guldmann Larsen
Sailors Cave;Møllergade 18;;5700;Svendborg;Vejledningsordning;TAST-00097;Sailors Cave;TATO-00098;Andrea Falkvard
Sailors Cave;Møllergade 18;;5700;Svendborg;Vejledningsordning;TAST-00097;Sailors Cave;TATO-00099;Cecillia Diana Fabricius Mathiasen
BIG ACE TATTOO;Stationsvej 3;;5750;Ringe;Vejledningsordning;TAST-00012;BIG ACE TATTOO;TATO-00013;Hans Andreas Gregers Christian Ludvigsen
Tattoo Silke I/S;Toftevænget 7;;5772;Kværndrup;Vejledningsordning;TAST-00011;Tattoo Silke I/S;TATO-00010;Silke Elisabeth Jensen
Art Lab I/S;A.L. Passagen 7;;6000;Kolding;Vejledningsordning;TAST-00024;Art Lab I/S;TATO-00025;Martin Greve Abrenica
Art Lab I/S;A.L. Passagen 7;;6000;Kolding;Vejledningsordning;TAST-00024;Art Lab I/S;TATO-00026;Nanna Sundahl
Art Lab I/S;A.L. Passagen 7;;6000;Kolding;Vejledningsordning;TAST-00024;Art Lab I/S;TATO-00027;Oliver Nielsen
hgh tattoo v/Henrik Godtfred Hansen;Tøndervej 18;;6000;Kolding;Vejledningsordning;TAST-00047;hgh tattoo v/Henrik Godtfred Hansen;TATO-00048;Henrik Hansen
Hey Joes Tattoo;Nørregade 28A;;6600;Vejen;Tilsynsordning;TAST-00014;Hey Joes Tattoo;TATO-00015;Henning Joe Jensen
Colors and Needle Tattoo;Sdr Strandvej 8;;6760;Ribe;Vejledningsordning;TAST-00020;Colors and Needle Tattoo;TATO-00021;Preben Jørgensen
TATTOO V/FRANK DICKMANN;H.C. Ørsteds Vej 91;;7400;Herning;Vejledningsordning;TAST-00117;TATTOO V/FRANK DICKMANN;TATO-00118;Frank Dickmann
Devils Ink ApS;Østergade 20;;7500;Holstebro;Vejledningsordning;TAST-00042;Devils Ink ApS;TATO-00041;Morten Stubbe Møller
Inked Studio IVS;Storegade 21D;;7700;Thisted;Tilsynsordning;TAST-00051;Inked Studio IVS;TATO-00052;Kim Højsted
Inked Studio IVS;Storegade 21D;;7700;Thisted;Tilsynsordning;TAST-00051;Inked Studio IVS;TATO-00091;Kasper Hollænder Høyrup
Inked Studio IVS;Storegade 21D;;7700;Thisted;Tilsynsordning;TAST-00051;Inked Studio IVS;TATO-00092;Camilla Svane Krog
AOI Aarhus ApS;Grønnegade 58;;8000;Aarhus C;Vejledningsordning;TAST-00030;AOI Aarhus ApS;TATO-00031;Jonas Willy Brund-Andersen
AOI Aarhus ApS;Grønnegade 58;;8000;Aarhus C;Vejledningsordning;TAST-00030;AOI Aarhus ApS;TATO-00032;Kamilla Reider
AOI Aarhus ApS;Grønnegade 58;;8000;Aarhus C;Vejledningsordning;TAST-00030;AOI Aarhus ApS;TATO-00033;Simon Wikkelsø Brandt
AOI Aarhus ApS;Grønnegade 58;;8000;Aarhus C;Vejledningsordning;TAST-00030;AOI Aarhus ApS;TATO-00034;Hien Phoug Nguyen
Devils Ink ApS;Klosterport 4 A;;8000;Aarhus C;Vejledningsordning;TAST-00040;Devils Ink ApS;TATO-00043;Anders Grandt
Devils Ink ApS;Klosterport 4 A;;8000;Aarhus C;Vejledningsordning;TAST-00040;Devils Ink ApS;TATO-00044;Dan Peter Radulescu
MADAM BLUE TATTOO V/THEA ZAROSE ALION;Europaplads 6;;8000;Aarhus C;Vejledningsordning;TAST-0009;MADAM BLUE TATTOO V/THEA ZAROSE ALION;TATO-0008;Thea Zarose Alion
Hr og Fru Tattoo;Viby Ringvej 10;;8260;Viby J;Vejledningsordning;TAST-00022;Hr og Fru Tattoo;TATO-00023;Ronni Kaj Hoffmeister Froberg
GoodFellas Tattoo v/Gitte Tepeci;Vester Alle 2P;;8362;Hørning;Vejledningsordning;TAST-00087;GoodFellas Tattoo v/Gitte Tepeci;TATO-00088;Pavels Kozlovs
GoodFellas Tattoo v/Gitte Tepeci;Vester Alle 2P;;8362;Hørning;Vejledningsordning;TAST-00087;GoodFellas Tattoo v/Gitte Tepeci;TATO-00089;Maria Jegorova
DEVILS INK ApS;Vestergade 25 E;;8600;Silkeborg;Vejledningsordning;TAST-00036;Devils Ink ApS;TATO-00037;Gert Dybdal Jensen
DEVILS INK ApS;Vestergade 25 E;;8600;Silkeborg;Vejledningsordning;TAST-00036;Devils Ink ApS;TATO-00038;Alex Dürr Villadsen
DEVILS INK ApS;Vestergade 25 E;;8600;Silkeborg;Vejledningsordning;TAST-00036;Devils Ink ApS;TATO-00039;Mads Harlev Jeppesen
Blæk I/S;Hermann Stillings Vej 8A;;8930;Randers NØ;Vejledningsordning;TAST-00105;Blæk I/S;TATO-00106;Peter Blæk
Blæk I/S;Hermann Stillings Vej 8A;;8930;Randers NØ;Vejledningsordning;TAST-00105;Blæk I/S;TATO-00107;Cecilie Harder Johansen
Blæk I/S;Hermann Stillings Vej 8A;;8930;Randers NØ;Vejledningsordning;TAST-00105;Blæk I/S;TATO-00108;Martin Brask
Blæk I/S;Hermann Stillings Vej 8A;;8930;Randers NØ;Vejledningsordning;TAST-00105;Blæk I/S;TATO-00109;René Grangaard
Blæk I/S;Hermann Stillings Vej 8A;;8930;Randers NØ;Vejledningsordning;TAST-00105;Blæk I/S;TATO-00110;Daniel Müller
Blæk I/S;Hermann Stillings Vej 8A;;8930;Randers NØ;Vejledningsordning;TAST-00105;Blæk I/S;TATO-00111;Christian Mortensen
